Timestamp,Month,Day,Hour,Total Hours,PVoption1,PVoption2,PVoption3,PVoption4,Load,Emission_factor,Tou_Tariff,FiT,H2_Tariff
26/01/2023,1,4,9,609,0,0,0,0,1698.94,18,0.1255563,0.06277815,2.553081264
23/01/2023,1,1,11,539,10.0296,20.0592,30.0888,40.1184,895,18,0.2155995,0.10779975,4.22962808
29/01/2023,1,0,22,694,0,0,0,0,1763.735,18,0.079677,0.0398385,4.800264784
15/01/2023,1,0,14,350,137.294,274.587,411.881,549.174,1551,18,0.0934425,0.04672125,4.864899792
08/01/2023,1,0,6,174,0,0,0,0,1874.835,18,0.0222885,0.01114425,5.760576064
04/01/2023,1,3,9,81,0,0,0,0,1437,18,0.1186632,0.0593316,5.760576064
15/01/2023,1,0,19,355,0,0,0,0,1848,18,0.0974511,0.04872555,3.366739728
18/01/2023,1,3,16,424,0,0,0,0,882,18,0.1385757,0.06928785,3.68120264
22/01/2023,1,0,19,523,0,0,0,0,897,18,0.1848294,0.0924147,5.760576064
26/01/2023,1,4,17,617,0,0,0,0,1620,18,0.1301382,0.0650691,5.760576064
28/01/2023,1,6,14,662,715.045,1430.09,2145.13,2860.18,3234,18,0.1040382,0.0520191,5.3793716
16/01/2023,1,1,7,367,0,0,0,0,1612,18,0.1345374,0.0672687,5.416860352
12/01/2023,1,4,11,275,128.176,256.352,384.528,512.704,923,18,0.1007316,0.0503658,3.083028144
05/01/2023,1,4,5,101,0,0,0,0,1448,18,0.0976914,0.0488457,5.009278144
22/01/2023,1,0,22,526,0,0,0,0,883,18,0.1328481,0.06642405,3.44825624
16/01/2023,1,1,22,382,0,0,0,0,5131,18,0.1187451,0.05937255,2.72934888
13/01/2023,1,5,12,300,350.52,701.04,1051.56,1402.08,884,18,0.0890703,0.04453515,5.760576064
11/01/2023,1,3,10,250,0,0,0,0,873,18,0.1226322,0.0613161,3.33063224
07/01/2023,1,6,21,165,0,0,0,0,1865,18,0.0724482,0.0362241,2.511397088
26/01/2023,1,4,3,603,0,0,0,0,1480,18,0.1036926,0.0518463,4.964753472
02/01/2023,1,1,15,39,0,0,0,0,1143,18,0.147105,0.0735525,4.580990464
05/01/2023,1,4,13,109,154.083,308.166,462.248,616.331,1785,18,0.1377783,0.06888915,5.760576064
31/01/2023,1,2,10,730,126.734,253.468,380.202,506.936,1337.0425,18,0.1056222,0.0528111,5.760576064
19/01/2023,1,4,14,446,528.34,1056.68,1585.02,2113.36,866,18,0.1490067,0.07450335,4.968689104
16/02/2023,2,4,0,1104,0,0,0,0,904,18,0.089352,0.044676,2.784072368
07/02/2023,2,2,13,901,864.986,1729.97,2594.96,3459.94,3214,18,0.120672,0.060336,2.266193888
21/02/2023,2,2,0,1224,0,0,0,0,1504,18,0.0514098,0.0257049,4.954544192
27/02/2023,2,1,14,1382,415.203,830.406,1245.61,1660.81,2814.299,18,0.1064412,0.0532206,2.917878528
12/02/2023,2,0,10,1018,1590,3173.44,4760.16,6346.88,3071,18,0.0974736,0.0487368,3.589053712
16/02/2023,2,4,1,1105,0,0,0,0,849,18,0.0899703,0.04498515,3.681535136
13/02/2023,2,1,21,1053,0,0,0,0,1269.0975,18,0.1004715,0.05023575,2.471307584
09/02/2023,2,4,6,942,0,0,0,0,1833.8575,18,0.0863289,0.04316445,5.287459504
23/02/2023,2,4,15,1287,1510,3011.48,4517.22,6022.95,1584,18,0.1058229,0.05291145,1.97486512
04/02/2023,2,6,17,833,0,0,0,0,1370,18,0.1158858,0.0579429,2.488393856
04/02/2023,2,6,8,824,0,0,0,0,1033,18,0.1152234,0.0576117,2.553789776
12/02/2023,2,6,23,1007,0,0,0,0,1559,18,0.0902043,0.04510215,2.844136208
15/02/2023,2,3,17,1097,0,0,0,0,1161,18,0.1003086,0.0501543,2.683155232
10/02/2023,2,5,4,964,0,0,0,0,930,18,0.0871353,0.04356765,2.249062976
09/02/2023,2,4,18,954,0,0,0,0,864,18,0.0891342,0.0445671,2.103434144
03/02/2023,2,5,14,806,8.98055,17.9611,26.9416,35.9222,1177,18,0.0990495,0.04952475,5.760576064
03/02/2023,2,5,5,797,0,0,0,0,912,18,0.0906966,0.0453483,3.556688048
26/02/2023,2,0,1,1345,0,0,0,0,1409,18,0.0982287,0.04911435,4.651889328
13/02/2023,2,1,10,1042,929.195,1858.39,2787.59,3716.78,820,18,0.0988218,0.0494109,2.633702944
07/02/2023,2,2,10,898,116.596,233.193,349.789,466.386,893,18,0.1233198,0.0616599,5.205563152
05/02/2023,2,0,12,852,2.17884,4.35768,6.53653,8.71537,3241.36,18,0.104112,0.052056,5.1835232
26/02/2023,2,0,10,1354,2020,4044.2,6066.3,8088.4,1623,18,0.0981108,0.0490554,2.117949504
16/02/2023,2,3,23,1103,0,0,0,0,940,18,0.091431,0.0457155,4.567337568
14/02/2023,2,2,21,1077,0,0,0,0,1402,18,0.0989685,0.04948425,2.346985072
26/03/2023,3,0,8,2024,5.47834,10.9567,16.435,21.9134,3515,18,0.0809028,0.0404514,3.384186912
23/03/2023,3,4,10,1954,1940,3889.87,5834.8,7779.73,904,18,0.0745974,0.0372987,3.6854544
29/03/2023,3,3,21,2109,0,0,0,0,1247,18,0.1130958,0.0565479,1.705227088
15/03/2023,3,3,13,1765,2810,5627.65,8441.48,11255.3,1497,18,0.0960021,0.04800105,2.81488176
08/03/2023,3,3,5,1589,0,0,0,0,3980,18,0.1154538,0.0577269,2.325800704
04/03/2023,3,6,8,1496,819.17,1638.34,2457.51,3276.68,1137.605,18,0.1003095,0.05015475,3.808261552
15/03/2023,3,3,18,1770,0,0,0,0,842,18,0.1139013,0.05695065,4.17487704
18/03/2023,3,6,15,1839,2040,4074.55,6111.83,8149.1,899,18,0.0941922,0.0470961,3.602783936
22/03/2023,3,3,18,1938,15.523,31.046,46.569,62.092,896,18,0.089316,0.044658,2.163676592
26/03/2023,3,0,16,2032,90.9483,181.897,272.845,363.793,1045,18,0.0785844,0.0392922,4.288966928
28/03/2023,3,2,13,2077,167.756,335.511,503.267,671.022,875,18,0.0935037,0.04675185,3.881575744
16/03/2023,3,4,6,1782,0,0,0,0,899,18,0.1106253,0.05531265,3.251748944
12/03/2023,3,0,10,1690,1360,2712.13,4068.19,5424.25,1642.3025,18,0.0961254,0.0480627,2.944171248
05/03/2023,3,0,4,1516,0,0,0,0,3435,18,0.1024758,0.0512379,5.760576064
22/03/2023,3,3,21,1941,0,0,0,0,1045,18,0.0898056,0.0449028,2.230164672
16/03/2023,3,4,21,1797,0,0,0,0,1712,18,0.0959661,0.04798305,3.324747744
13/03/2023,3,1,11,1715,1260,2519.89,3779.84,5039.78,1546,18,0.0918252,0.0459126,2.678280976
11/03/2023,3,6,9,1665,382.104,764.208,1146.31,1528.42,1099,18,0.1080999,0.05404995,4.039822416
07/03/2023,3,2,20,1580,0,0,0,0,3021.5425,18,0.1136268,0.0568134,4.949500384
26/03/2023,3,0,2,2018,0,0,0,0,3663,18,0.07801965,0.039009825,2.26994928
02/03/2023,3,4,14,1454,2150,4295.04,6442.56,8590.08,1549,18,0.1068984,0.0534492,1.8235476
05/03/2023,3,0,12,1524,2710,5413.84,8120.76,10827.7,4353,18,0.1065654,0.0532827,4.838458128
31/03/2023,3,5,9,2145,116.727,233.453,350.18,466.907,1145,18,0.1307772,0.0653886,4.936368928
19/03/2023,3,0,13,1861,449.789,899.577,1349.37,1799.15,1369,18,0.0940995,0.04704975,5.076085536
15/04/2023,4,6,3,2499,0,0,0,0,1749,19,0.1053468,0.0526734,3.984095472
13/04/2023,4,4,1,2449,0,0,0,0,890,19,0.0906291,0.04531455,4.332643856
03/04/2023,4,1,5,2213,0,0,0,0,2230,19,0.1067337,0.05336685,3.88255088
09/04/2023,4,0,5,2357,0,0,0,0,3955,19,0.1094895,0.05474475,1.698146816
19/04/2023,4,3,20,2612,0,0,0,0,8038,19,0.1098783,0.05493915,3.467086656
03/04/2023,4,1,16,2224,528.479,1056.96,1585.44,2113.91,868,19,0.0927972,0.0463986,5.682359728
03/04/2023,4,1,14,2222,662.993,1325.99,1988.98,2651.97,835,19,0.0818388,0.0409194,5.421780416
07/04/2023,4,5,0,2304,0,0,0,0,935,19,0.1015524,0.0507762,5.475317744
13/04/2023,4,4,3,2451,0,0,0,0,1110,19,0.0778698,0.0389349,5.760576064
17/04/2023,4,1,5,2549,0,0,0,0,810,19,0.1081566,0.0540783,4.795091376
30/04/2023,4,0,9,2865,1780,3556.77,5335.16,7113.55,1372,19,0.0910233,0.04551165,4.250972976
19/04/2023,4,3,15,2607,2280,4568.56,6852.84,9137.11,8288,19,0.0873603,0.04368015,3.98115176
02/04/2023,4,0,14,2198,1860,3713.55,5570.32,7427.1,4135,19,0.0878472,0.0439236,2.442754336
05/04/2023,4,3,4,2260,0,0,0,0,891,19,0.1109043,0.05545215,5.426184544
18/04/2023,4,2,21,2589,0,0,0,0,1753.51,19,0.1039257,0.05196285,2.228244736
14/04/2023,4,5,15,2487,69.8036,139.607,209.411,279.214,1951.2825,19,0.1062981,0.05314905,5.142712016
04/04/2023,4,2,13,2245,442.08,884.16,1326.24,1768.32,890,19,0.1071063,0.05355315,5.760576064
27/04/2023,4,4,2,2786,0,0,0,0,1059,19,0.1000935,0.05004675,5.473768288
11/04/2023,4,2,18,2418,13.4364,26.8728,40.3091,53.7455,900,19,0.1021905,0.05109525,5.195830832
09/04/2023,4,0,20,2372,0,0,0,0,2536,19,0.110394,0.055197,5.597188528
19/04/2023,4,3,13,2605,2990,5979.04,8968.56,11958.1,8253,19,0.0886905,0.04434525,4.700302096
16/04/2023,4,0,6,2526,334.539,669.078,1003.62,1338.16,937,19,0.1029618,0.0514809,3.112460224
02/04/2023,4,0,8,2192,715.943,1431.89,2147.83,2863.77,5396,19,0.0903267,0.04516335,5.391583072
29/04/2023,4,6,13,2845,2570,5130.26,7695.39,10260.5,922,19,0.0927072,0.0463536,1.670802768
26/05/2023,5,5,8,3488,2160,4319.91,6479.87,8639.83,1223,15,0.0717579,0.03587895,1.454285264
23/05/2023,5,2,10,3418,3040,6085.83,9128.75,12171.7,1423,15,0.0639558,0.0319779,3.435069152
29/05/2023,5,1,21,3573,0,0,0,0,1491,15,0.0700758,0.0350379,2.357185744
15/05/2023,5,1,13,3229,333.27,666.539,999.809,1333.08,841,15,0.0874557,0.04372785,5.464317136
08/05/2023,5,1,5,3053,0,0,0,0,1790,15,0.0921573,0.04607865,4.641413744
04/05/2023,5,4,8,2960,2190,4370.49,6555.73,8740.98,848,15,0.1255347,0.06276735,3.914108656
15/05/2023,5,1,18,3234,4.47966,8.95932,13.439,17.9186,1073,15,0.0838332,0.0419166,4.723707008
18/05/2023,5,4,15,3303,590.473,1180.95,1771.42,2361.89,1226,15,0.056898,0.028449,3.499179248
22/05/2023,5,1,18,3402,292.356,584.712,877.069,1169.42,1696,15,0.0756468,0.0378234,5.679562512
26/05/2023,5,5,16,3496,1900,3793.3,5689.95,7586.6,1695,15,0.0238878,0.0119439,4.625239024
28/05/2023,5,0,13,3541,1600,3205.15,4807.73,6410.31,1166,15,-0.0042435,-0.00212175,3.351143184
16/05/2023,5,2,6,3246,147.318,294.635,441.953,589.27,855,15,0.0798876,0.0399438,3.42862288
12/05/2023,5,5,10,3154,560.58,1121.16,1681.74,2242.32,813,15,0.0853596,0.0426798,1.872597792
05/05/2023,5,5,4,2980,0,0,0,0,1582,15,0.0813159,0.04065795,5.26471984
22/05/2023,5,1,21,3405,0,0,0,0,1357,15,0.0768663,0.03843315,3.648216944
16/05/2023,5,2,21,3261,0,0,0,0,860,15,0.0521046,0.0260523,5.204006288
13/05/2023,5,6,11,3179,1170,2337.81,3506.71,4675.61,1375,15,0.04095,0.020475,1.734604624
11/05/2023,5,4,9,3129,472.297,944.594,1416.89,1889.19,3130.795,15,0.09135,0.045675,3.409408528
07/05/2023,5,0,20,3044,0,0,0,0,1399,15,0.0995193,0.04975965,2.56315824
26/05/2023,5,5,2,3482,0,0,0,0,2484.865,15,0.06201,0.031005,2.590054016
02/05/2023,5,2,14,2918,2800,5603.12,8404.68,11206.2,852,15,0.1062909,0.05314545,3.581632784
05/05/2023,5,5,12,2988,3140,6280.2,9420.3,12560.4,1343,15,0.0826578,0.0413289,2.5894804
31/05/2023,5,3,9,3609,1130,2263.64,3395.47,4527.29,1404,15,0.0686142,0.0343071,2.51093552
19/05/2023,5,5,13,3325,798.98,1597.96,2396.94,3195.92,904,15,0.0612207,0.03061035,3.154617952
15/06/2023,6,4,3,3963,0,0,0,0,946,14,0.0758754,0.0379377,2.264307376
13/06/2023,6,2,1,3913,0,0,0,0,1676.1075,14,0.065601,0.0328005,3.891188416
03/06/2023,6,6,5,3677,264.337,528.673,793.01,1057.35,5968,14,0.0583614,0.0291807,4.993794368
09/06/2023,6,5,5,3821,268.168,536.337,804.506,1072.67,1648,14,0.0597087,0.02985435,2.256224128
19/06/2023,6,1,20,4076,20.6394,41.2788,61.9182,82.5576,2096.645,14,0.0876618,0.0438309,3.598511424
03/06/2023,6,6,16,3688,1990,3976.38,5964.57,7952.76,3065,14,0.0288027,0.01440135,2.201114176
03/06/2023,6,6,14,3686,2550,5104.11,7656.17,10208.2,3033,14,0.0019935,0.00099675,4.879857008
07/06/2023,6,3,0,3768,0,0,0,0,1353,14,0.0597609,0.02988045,1.599943456
13/06/2023,6,2,3,3915,0,0,0,0,1155.1075,14,0.0650475,0.03252375,5.200500768
17/06/2023,6,6,5,4013,360.879,721.758,1082.64,1443.52,1888,14,0.0815625,0.04078125,5.290271152
30/06/2023,6,5,9,4329,377.268,754.536,1131.8,1509.07,912,14,0.073008,0.036504,2.242964816
19/06/2023,6,1,15,4071,2590,5189.57,7784.35,10379.1,1626,14,0.0886005,0.04430025,4.01695784
02/06/2023,6,5,14,3662,1270,2546.76,3820.14,5093.52,5000,14,0.0408852,0.0204426,2.71990952
05/06/2023,6,1,4,3724,0,0,0,0,1119,14,0.0540315,0.02701575,1.674922736
18/06/2023,6,0,21,4053,0,0,0,0,1840,14,0.0834183,0.04170915,3.717128592
14/06/2023,6,3,15,3951,2600,5201.1,7801.65,10402.2,1537,14,0.073305,0.0366525,5.45649168
04/06/2023,6,0,13,3709,297.986,595.972,893.959,1191.94,4365,14,0.019377,0.0096885,4.551958336
27/06/2023,6,2,2,4250,0,0,0,0,2925.21,14,0.0642006,0.0321003,2.649137296
11/06/2023,6,0,18,3882,641.723,1283.45,1925.17,2566.89,1299.265,14,0.0642366,0.0321183,5.010595968
09/06/2023,6,5,20,3836,58.3959,116.792,175.188,233.583,1358,14,0.0624735,0.03123675,3.458840352
19/06/2023,6,1,13,4069,901.958,1803.92,2705.87,3607.83,1482,14,0.0899973,0.04499865,3.957241024
16/06/2023,6,5,6,3990,780.663,1561.33,2341.99,3122.65,1062,14,0.0821493,0.04107465,2.262367888
02/06/2023,6,5,8,3656,2210,4415.24,6622.86,8830.48,1226,14,0.0624303,0.03121515,4.408601552
29/06/2023,6,4,13,4309,897.263,1794.53,2691.79,3589.05,1300,14,0.0969993,0.04849965,3.437984832
26/07/2023,7,3,8,4952,1920,3836.64,5754.96,7673.27,905,17,0.0291051,0.01455255,2.235896928
23/07/2023,7,0,10,4882,2860,5722.49,8583.73,11445,832,17,0.0035163,0.00175815,4.342884432
29/07/2023,7,6,21,5037,0,0,0,0,924,17,0.0271683,0.01358415,3.543059664
15/07/2023,7,6,13,4693,1830,3661.93,5492.9,7323.86,1852,17,-0.0001314,-6.57E-05,4.497851376
08/07/2023,7,6,5,4517,224.629,449.259,673.888,898.518,1922.9775,17,0.0455661,0.02278305,3.318361312
04/07/2023,7,2,8,4424,209.318,418.636,627.955,837.273,1550.5725,17,0.0684009,0.03420045,4.880573888
15/07/2023,7,6,18,4698,637.673,1275.35,1913.02,2550.69,1817,17,0.0358344,0.0179172,4.84048672
18/07/2023,7,2,15,4767,1080,2151.94,3227.91,4303.88,1731.2175,17,0.0212886,0.0106443,4.922971856
22/07/2023,7,6,18,4866,583.908,1167.82,1751.72,2335.63,912,17,0.0140535,0.00702675,3.61276016
26/07/2023,7,3,16,4960,1870,3745.41,5618.11,7490.82,1559,17,0.029547,0.0147735,3.798046768
28/07/2023,7,5,13,5005,531.373,1062.75,1594.12,2125.49,847,17,0.0299808,0.0149904,2.277624
16/07/2023,7,0,6,4710,518.213,1036.43,1554.64,2072.85,1410.4725,17,-0.002169,-0.0010845,2.332653168
12/07/2023,7,3,10,4618,2570,5142.98,7714.47,10286,4033,17,0.0560628,0.0280314,4.830777536
05/07/2023,7,3,4,4444,36.6172,73.2343,109.851,146.469,852,17,0.0538335,0.02691675,3.236715728
22/07/2023,7,6,21,4869,0,0,0,0,831,17,0.0135702,0.0067851,3.20733536
16/07/2023,7,0,21,4725,0,0,0,0,892,17,0.0126009,0.00630045,3.784939376
13/07/2023,7,4,11,4643,2840,5681.82,8522.73,11363.6,1617,17,0.0486513,0.02432565,3.876878864
11/07/2023,7,2,9,4593,2560,5117.27,7675.9,10234.5,2281.28,17,0.0624942,0.0312471,1.440144016
07/07/2023,7,5,20,4508,63.5152,127.03,190.546,254.061,1659,17,0.0678537,0.03392685,3.643466384
26/07/2023,7,3,2,4946,0,0,0,0,1777.584,17,0.025254,0.012627,5.057255552
02/07/2023,7,0,14,4382,201.374,402.749,604.123,805.497,854,17,-0.006966,-0.003483,2.664326
05/07/2023,7,3,12,4452,345.003,690.005,1035.01,1380.01,1083,17,0.0478323,0.02391615,3.054481728
31/07/2023,7,1,9,5073,1480,2953.56,4430.34,5907.13,1416,17,0.0358452,0.0179226,5.01615904
19/07/2023,7,3,13,4789,3090,6188.63,9282.95,12377.3,880,17,0.0214992,0.0107496,3.921434128
26/08/2023,8,6,8,5696,264.842,529.684,794.525,1059.37,1420,20,0.0051876,0.0025938,4.588334464
23/08/2023,8,3,10,5626,2600,5195.74,7793.6,10391.5,829,20,0.0214884,0.0107442,4.39914304
29/08/2023,8,2,21,5781,0,0,0,0,1382.9775,20,0.0251208,0.0125604,1.891583616
15/08/2023,8,2,13,5437,1070,2137.81,3206.71,4275.61,4283,20,0.0235278,0.0117639,1.63614408
08/08/2023,8,2,5,5261,30.4794,60.9587,91.4381,121.917,1188,20,-0.0023319,-0.00116595,4.699803872
04/08/2023,8,5,8,5168,1920,3837.38,5756.07,7674.76,3317,20,0.0238761,0.01193805,1.877641792
15/08/2023,8,2,18,5442,184.626,369.252,553.877,738.503,1199,20,0.0246483,0.01232415,4.284455136
18/08/2023,8,5,15,5511,742.569,1485.14,2227.71,2970.28,1099,20,0.0229635,0.01148175,3.284615776
22/08/2023,8,2,18,5610,239.775,479.549,719.324,959.098,1416,20,0.021006,0.010503,4.611408304
26/08/2023,8,6,16,5704,103.963,207.927,311.89,415.854,1020,20,0.014526,0.007263,3.212290768
28/08/2023,8,1,13,5749,2760,5511.69,8267.54,11023.4,1193.2075,20,0.0289467,0.01447335,3.465095552
16/08/2023,8,3,6,5454,411.782,823.564,1235.35,1647.13,2708,20,0.015723,0.0078615,3.864449168
12/08/2023,8,6,10,5362,1040,2089.26,3133.89,4178.52,844,20,0.0146637,0.00733185,4.714574032
05/08/2023,8,6,4,5188,0,0,0,0,891,20,0.0170388,0.0085194,4.976140208
22/08/2023,8,2,21,5613,0,0,0,0,1419,20,0.0209961,0.01049805,3.191192544
16/08/2023,8,3,21,5469,0,0,0,0,875,20,0.0175419,0.00877095,2.56171432
13/08/2023,8,0,11,5387,1030,2064.76,3097.15,4129.53,1340,20,0.0144153,0.00720765,1.626677152
11/08/2023,8,5,9,5337,2270,4533.32,6799.98,9066.64,1063,20,0.0238455,0.01192275,2.20403232
07/08/2023,8,1,20,5252,0,0,0,0,858,20,0.0038367,0.00191835,1.53865208
26/08/2023,8,6,2,5690,0,0,0,0,822,20,0.0189045,0.00945225,2.039887712
02/08/2023,8,3,14,5126,2850,5697.57,8546.36,11395.1,1112.24,20,0.0258867,0.01294335,3.588696272
05/08/2023,8,6,12,5196,1420,2845.84,4268.76,5691.67,859,20,0.0181557,0.00907785,2.249440608
31/08/2023,8,4,9,5817,2180,4359.7,6539.54,8719.39,843,20,0.0200817,0.01004085,4.311973712
19/08/2023,8,6,13,5533,624.108,1248.22,1872.32,2496.43,912,20,0.0149427,0.00747135,2.538661376
15/09/2023,9,5,3,6171,0,0,0,0,877,19,0.0020079,0.00100395,2.326411472
13/09/2023,9,3,1,6121,0,0,0,0,933,19,0.0025965,0.00129825,3.647700496
03/09/2023,9,0,5,5885,0,0,0,0,1669,19,3.06E-05,1.53E-05,2.062856096
09/09/2023,9,6,5,6029,0,0,0,0,1068,19,0.0009972,0.0004986,4.955681456
19/09/2023,9,2,20,6284,0,0,0,0,1197,19,-0.0026001,-0.00130005,4.20645016
03/09/2023,9,0,16,5896,466.625,933.25,1399.87,1866.5,1133,19,0.0011988,0.0005994,1.463876368
03/09/2023,9,0,14,5894,1430,2868.33,4302.5,5736.67,1089,19,0.0011988,0.0005994,2.330701552
07/09/2023,9,4,0,5976,0,0,0,0,5072,19,0.0037431,0.00187155,3.511063888
13/09/2023,9,3,3,6123,0,0,0,0,911,19,0.0024417,0.00122085,4.133052144
17/09/2023,9,0,5,6221,0,0,0,0,1705.02,19,-0.0033849,-0.00169245,4.220655424
30/09/2023,9,6,9,6537,18.4761,36.9521,55.4282,73.9043,888,19,-0.0009801,-0.00049005,2.06775088
19/09/2023,9,2,15,6279,1730,3468.49,5202.73,6936.97,1449,19,-0.0027873,-0.00139365,3.39381576
02/09/2023,9,6,14,5870,509.61,1019.22,1528.83,2038.44,842,19,0.0016974,0.0008487,3.437437504
05/09/2023,9,2,4,5932,0,0,0,0,1726,19,-8.28E-05,-4.14E-05,1.597230992
18/09/2023,9,1,21,6261,0,0,0,0,829,19,0.0013914,0.0006957,2.283235488
14/09/2023,9,4,15,6159,100.834,201.668,302.502,403.337,848,19,0.0030582,0.0015291,1.770317872
04/09/2023,9,1,13,5917,1750,3503.23,5254.85,7006.46,1148,19,-0.0018603,-0.00093015,5.436868176
27/09/2023,9,3,2,6458,0,0,0,0,904,19,-0.0050994,-0.0025497,4.626005392
11/09/2023,9,1,18,6090,0,0,0,0,891,19,0.003996,0.001998,3.340755328
09/09/2023,9,6,20,6044,0,0,0,0,1456,19,0.0031869,0.00159345,2.278575168
19/09/2023,9,2,13,6277,2540,5084.75,7627.12,10169.5,1776,19,-0.0052947,-0.00264735,2.610075984
16/09/2023,9,6,6,6198,15.7221,31.4442,47.1664,62.8885,2728,19,-0.0040212,-0.0020106,4.676521392
02/09/2023,9,6,8,5864,1730,3452.19,5178.29,6904.38,836,19,0.0006831,0.00034155,4.9594556
29/09/2023,9,5,13,6517,166.723,333.446,500.169,666.892,890,19,0.0015174,0.0007587,1.932534624
26/10/2023,10,4,8,7160,0,0,0,0,865,18,0.0718398,0.0359199,3.046847312
23/10/2023,10,1,10,7090,1930,3850.7,5776.04,7701.39,1846.255,18,0.1312623,0.06563115,5.305168144
29/10/2023,10,0,21,7245,0,0,0,0,3225,18,0.0591606,0.0295803,3.953551232
15/10/2023,10,0,13,6901,134.782,269.563,404.345,539.126,819,18,-0.0010674,-0.0005337,3.3897232
08/10/2023,10,0,5,6725,0,0,0,0,861,18,0.0019413,0.00097065,5.760576064
04/10/2023,10,3,8,6632,0,0,0,0,882,18,0.0050931,0.00254655,2.675108448
15/10/2023,10,0,18,6906,0,0,0,0,889,18,0.0358146,0.0179073,1.9931932
18/10/2023,10,3,15,6975,1040,2084.26,3126.39,4168.52,1962.255,18,0.052236,0.026118,5.260199872
22/10/2023,10,0,18,7074,0,0,0,0,870,18,0.0618975,0.03094875,5.760576064
26/10/2023,10,4,16,7168,0,0,0,0,1472,18,0.0760608,0.0380304,1.571374816
28/10/2023,10,6,13,7213,564.663,1129.33,1693.99,2258.65,6725,18,0.0705042,0.0352521,2.081629072
16/10/2023,10,1,6,6918,0,0,0,0,912,18,0.0566136,0.0283068,5.660346864
12/10/2023,10,4,10,6826,81.3743,162.749,244.123,325.497,924,18,0.0266616,0.0133308,5.760576064
05/10/2023,10,4,4,6652,0,0,0,0,1079,18,-1.08E-05,-5.40E-06,2.784130224
22/10/2023,10,0,21,7077,0,0,0,0,1221,18,0.0565668,0.0282834,5.519613968
16/10/2023,10,1,21,6933,0,0,0,0,825,18,0.0581571,0.02907855,3.78976008
13/10/2023,10,5,11,6851,24.6692,49.3384,74.0076,98.6768,847,18,0.035532,0.017766,5.622062512
11/10/2023,10,3,9,6801,1580,3165.18,4747.77,6330.36,832,18,0.0139626,0.0069813,1.554231856
07/10/2023,10,6,20,6716,0,0,0,0,860,18,0.0028674,0.0014337,4.394924
26/10/2023,10,4,2,7154,0,0,0,0,940,18,0.0629505,0.03147525,2.621213648
02/10/2023,10,1,14,6590,23.5238,47.0476,70.5714,94.0952,1198,18,0.0029088,0.0014544,4.992394432
05/10/2023,10,4,12,6660,718.923,1437.85,2156.77,2875.69,1148,18,0.0052218,0.0026109,1.870468272
31/10/2023,10,2,9,7281,0,0,0,0,821,18,0.1033713,0.05168565,2.661670688
19/10/2023,10,4,13,6997,1980,3961.36,5942.05,7922.73,1384.299,18,0.0348921,0.01744605,2.685194064
15/11/2023,11,3,3,7635,0,0,0,0,1363,19,0.0760086,0.0380043,3.850412288
13/11/2023,11,1,1,7585,0,0,0,0,3596,19,0.0899586,0.0449793,1.876795344
03/11/2023,11,5,5,7349,0,0,0,0,904,19,0.0384507,0.01922535,4.946858096
09/11/2023,11,4,5,7493,0,0,0,0,4572,19,0.0853488,0.0426744,3.662454384
19/11/2023,11,0,20,7748,0,0,0,0,3723,19,0.0939321,0.04696605,2.195389264
03/11/2023,11,5,16,7360,0,0,0,0,855,19,0.0648396,0.0324198,5.531249424
03/11/2023,11,5,14,7358,89.9876,179.975,269.963,359.95,933,19,0.0637812,0.0318906,1.906676128
07/11/2023,11,2,0,7440,0,0,0,0,1295.09,19,0.0816354,0.0408177,2.509374016
13/11/2023,11,1,3,7587,0,0,0,0,3613,19,0.0853452,0.0426726,2.94481592
17/11/2023,11,5,5,7685,0,0,0,0,816,19,0.1059516,0.0529758,3.220941424
30/11/2023,11,4,9,8001,0,0,0,0,1068,19,0.2420901,0.12104505,5.643841488
19/11/2023,11,0,15,7743,0,0,0,0,3455,19,0.0750924,0.0375462,3.870077264
02/11/2023,11,4,14,7334,111.902,223.803,335.704,447.606,902,19,0.0682128,0.0341064,4.684537008
05/11/2023,11,0,4,7396,0,0,0,0,3775,19,0.0356355,0.01781775,5.627577984
18/11/2023,11,6,21,7725,0,0,0,0,5360,19,0.0829647,0.04148235,2.722509424
14/11/2023,11,2,15,7623,0,0,0,0,1597,19,0.0920727,0.04603635,3.41867552
04/11/2023,11,6,13,7381,0,0,0,0,2473,19,0.0451782,0.0225891,5.760576064
27/11/2023,11,1,2,7922,0,0,0,0,854,19,0.0926073,0.04630365,2.920289936
11/11/2023,11,6,18,7554,0,0,0,0,2178,19,0.1406178,0.0703089,1.921550544
09/11/2023,11,4,20,7508,0,0,0,0,903,19,0.0868959,0.04344795,3.599377408
19/11/2023,11,0,13,7741,142.381,284.761,427.142,569.522,3365,19,0.067707,0.0338535,3.384542304
16/11/2023,11,4,6,7662,0,0,0,0,993,19,0.1025964,0.0512982,5.191301344
02/11/2023,11,4,8,7328,0,0,0,0,856,19,0.0807723,0.04038615,5.760576064
29/11/2023,11,3,13,7981,97.6341,195.268,292.902,390.536,1061,19,0.1432368,0.0716184,4.9507456
26/12/2023,12,2,8,8624,0,0,0,0,1381,19,0.0552636,0.0276318,3.300449152
23/12/2023,12,6,10,8554,0,0,0,0,834,19,0.0550269,0.02751345,1.902845264
29/12/2023,12,5,21,8709,0,0,0,0,858,19,0.0641646,0.0320823,2.264478
15/12/2023,12,5,13,8365,43.8498,87.6997,131.549,175.399,2061.415,19,0.0888264,0.0444132,3.592484448
08/12/2023,12,5,5,8189,0,0,0,0,1605,19,0.0921996,0.0460998,5.760576064
04/12/2023,12,1,8,8096,0,0,0,0,1093,19,0.132894,0.066447,5.725976224
15/12/2023,12,5,18,8370,0,0,0,0,1515,19,0.0881523,0.04407615,1.713411808
18/12/2023,12,1,15,8439,0,0,0,0,831,19,0.0706923,0.03534615,5.760576064
22/12/2023,12,5,18,8538,0,0,0,0,1090,19,0.0601092,0.0300546,5.760576064
26/12/2023,12,2,16,8632,0,0,0,0,1384,19,0.0629892,0.0314946,5.760576064
28/12/2023,12,4,13,8677,965.584,1931.17,2896.75,3862.34,868,19,0.0623646,0.0311823,2.244634832
16/12/2023,12,6,6,8382,0,0,0,0,1720,19,0.0588591,0.02942955,4.697835248
12/12/2023,12,2,10,8290,662.182,1324.36,1986.55,2648.73,1142,19,0.1335141,0.06675705,1.840153504
05/12/2023,12,2,4,8116,0,0,0,0,4244,19,0.0929934,0.0464967,2.241963216
22/12/2023,12,5,21,8541,0,0,0,0,1168.675,19,0.0535158,0.0267579,5.760576064
16/12/2023,12,6,21,8397,0,0,0,0,1831,19,0.0632727,0.03163635,1.836490208
13/12/2023,12,3,11,8315,20.7315,41.463,62.1945,82.926,1574,19,0.1090017,0.05450085,2.836057472
11/12/2023,12,1,9,8265,0,0,0,0,1655,19,0.1026117,0.05130585,3.03788168
07/12/2023,12,4,20,8180,0,0,0,0,1049,19,0.1039491,0.05197455,5.033742816
26/12/2023,12,2,2,8618,0,0,0,0,1709,19,0.0510264,0.0255132,1.762193104
02/12/2023,12,6,14,8054,0,0,0,0,2431,19,0.1248912,0.0624456,3.226715456
05/12/2023,12,2,12,8124,19.7655,39.531,59.2966,79.0621,1502,19,0.1279818,0.0639909,3.619854576
31/12/2023,12,0,9,8745,0,0,0,0,3138,19,0.0596016,0.0298008,4.646683616
19/12/2023,12,2,13,8461,0,0,0,0,1070,19,0.0739935,0.03699675,2.824517232
